1,447a81a19157c2f6ef97accacebaa66d8153e19ca43c16ca452e6d8d447823,-0.009691,51.483548,,,
2,112f8b2a663198263314a16a8b52f1f6835cefcbcf0a35388c98ee5db23dd82,-0.118888,51.513075,,,
3,1b679ce8cc565f83868ff4a0829af95442b51ffdf4366341a850c6f248f7d41,0.076327,51.540042,,,
4,28449b49ea4cf6214292dd19df4cf7700fab064cb1be33219eaeef6fbf0e16a,-0.134987,51.46327,,,
5,6b745f8b2ac34e26345bccfad2dc9b8901ee2d905e2beab3457cdd366ee93d1,0.063946,51.492689,,,
6,6f98975ecfe326d5e13a691623426c80d43b20470dc2d15e62e192fe0567ce6,-0.198751,51.542493,,,
7,75d9ab17bbcc3ed268f8f608635ffc63bdb5992566b424d7268e6228cfcee38,0.01742,51.49214,,,
8,7b1831dd1e72101f4bd788777c8a7182c5df8d58fc7ef56f4118728cab4bcd6,0.108427,51.575913,,,
9,7df64cd68ac7124133805f23cbd44beed1c7abe7caebf32d636def70b8ed4c1,-0.097732,51.559728,,,
10,7e4bed22d78d47d660d835fe0f585da5256fae1d49b6f6a3117b4de884f5d8a,-0.195253,51.456633,,,
11,7f7192e08b7c098cd315097f114e19f6e53c7a0c415a655d983067bf07a0def,-0.060842,51.620426,,,
12,8028e68510231d179b919f2d5c46ee5c59cf0e0916e342c523a3da6882b4b46,-0.395826,51.568804,,,
13,82fe0dd600b32e7ec4295c14772991e2dffa2f9e07c162e71b90bf42e96c3a7,0.11003,51.461387,,,
14,8f29dc31e94d60f43eebd7006466d1b9cceac90ef434beb939673daf8397f15,-0.316302,51.516965,,,
15,8fb428352704b4665200d8406bd71a16689681af18eca9bda99f108db9cec4c,-0.081064,51.570824,,,
16,916917fa5d47e29573aa230f3b7d255de462bb01d3dda7691b43d724d026d4a,-0.286444,51.488386,,,
17,9571c97f43ea9b59e63be2a0f5d03f8d382bbda7a98a0a4e341b06fd0986e93,-0.412302,51.568875,,,
18,9f1ad1fd73bbe58f8ec0f206010c282b58795f3817f68e547639e09910e2d42,-0.173402,51.404326,,,
19,a682e196d41c32e7e24da8a50ad9ff9c34b16f4aca486b89fa542a4a9188b5c,-0.14054,51.537349,,,
20,a72b315ae3e85f883c28ccf512f6f96ab5ce5b940dd531edab96291d5d31a00,-0.23688,51.480916,,,
21,a9293611b8386f5e57c70cc600c6a75bae053ed0dbaaefe07474c399c6bff1e,-0.091246,51.533392,,,
22,b48d49d03b0a92ecf71d576368134805faec377cca00040a83f58d421b400a2,0.010867,51.53602,,,
23,b4d69ef0aa0b387b1029a07dd94abc05893036d36834fb09e13990f80d56bcd,-0.326938,51.614863,,,
24,ca61b73091757c4e024303e24050ac1bc5202337da4bedb0fd83d3626dca598,-0.077598,51.619443,,,
25,cb2b0acbe47756621ce929e109ef6812c14d1732638122874a7f3d613cca409,-0.175432,51.515434,,,
26,cc14d7da5e2284e4e740cb74a28a9f9272a45aa8a322cafe2d3b4864d2c4459,-0.180597,51.400562,,,
27,ccf4e1c29f5674a34accf86c213c362faa8be55e49ec6eb6b9bddeb62a7ac7b,-0.203292,51.485038,,,
28,d22d63889b39a9751fec80e1c5719d386cdeafd48df1701ef8c5ed090f328a2,0.104229,51.506217,,,
29,d7bc2241dc226478207328d071a7315008359e5541f5dbdb0033e661c1ba74e,-0.254319,51.616224,,,
30,e001473c7e564bffc65a6b850ed48b7b760c3a07c51fc1508addd2cab768ff5,-0.142662,51.519946,,,
31,e6299675de5708c3807d9c505cf6e088c3acad78b0e0cf9c8e4f804c2b9db58,-0.073278,51.518422,,,
32,ee3642671c2d3b8b89b4cc08d30e91712754c2684d94605f67913f5b17f546d,0.085412,51.540987,,,
33,f6ed9f5cd8dd88b333c84e68f2c0437f92ce0ff7429bdb6494c560374b10f92,-0.088338,51.505414,,,
34,10126803392d956df928e1dbd24e84a31e81c6d3333e25fe7c1d99bdd5c573ab,-0.110317,51.47953,,,
35,10418448daacdee2b5f7f8ade02d37ef258ebe2e34275f9f45f6d0751c43a633,0.017404,51.400999,,,
36,106a94a7df12169d5220049d9e857d25efa807d7b23398dc48905979b3ec3298,0.219563,51.605036,,,
37,10b7c861c676b9e8e68fecbd86020056ed1fffce5f25cbbe3201cafa197d102d,-0.250869,51.509398,,,
38,10d68e95731201300a5713bd568333496ceaf568ace90cce0a6dd27416646b61,-0.090684,51.502367,,,
39,10e53327cb2ee72f7f6058fa83b1c0190acb0497d55c9e639a21b044f25ae31c,-0.146936,51.509097,,,
40,114f0bb6e12e85fec6c26c29d92d05c1cfc2519918190e6addf750c46d4f2703,0.074527,51.558158,,,
41,12620ce39b53c7df6d92bbbac391695eceed3ca511e6dd8ed3a3c4e6c9869f18,-0.163434,51.499842,,,
42,12b2be0e989567fc48a08538a2cb47698182d408db8c6d3fa1886063787db60f,0.070904,51.560038,,,
43,13223ef0434193ae80a22cd31433e9971167cbfe0efd5f491cfdd1429f8e61cc,0.089605,51.57646,,,
44,13cdef4fb41c81d56e7ba0c375339c116405a5ceb356063e286833d773931838,0.200686,51.51236,,,
45,15d66662c3e448d362d6153f0c34033d4a08f8c1e024dc70a9b5b97e78d6cb16,-0.144307,51.540595,,,
46,15f46001bd3950c810ff1f9a71c23b4324731b81d9fa33878805dd6650793619,-0.123461,51.508409,,,
47,163f508cb9ef304900f275a667d784f75ee17eadcde04ab1ec46c2340e1adc1f,-0.123056,51.5186,,,
48,17bbfbc5231771fab72489cb897c219b374df95752957bf8c5efb2ec567304bf,-0.239714,51.549418,,,
49,17ef886579f29a9b3fdc8b505aee2ef0747bcbc2813c73459f49d0317f14dddd,-0.142748,51.539425,,,
50,1834720bec978b5c16a0dd4b0dac93b1acc84f9be667cf2b34b9dbc4d53436ec,-0.296968,51.5353,,,
51,18b0580f5d467d39fd0c2632505b77a6acfe3674f6579638e753d26558198adb,-0.137787,51.462029,,,
52,1930851c21ba64c3b69590f3d62ee6cac12b0d63d662dc4cd150fa3f4f15aad7,0.220916,51.561719,,,
53,1a0302e45fae84cccb38bc505a690b29a099481e56ca4b084b06ad61c1c36cae,0.056,51.604769,,,
54,1a0583999a0204303777090f73e76fe3eb8a7120c9f6d76af6267a5707afaeaa,-0.045933,51.550118,,,
55,1a073ab5cdd7e91eb0e5ffdfad02639a1f8b1eedff83df2333366773e5102057,-0.071852,51.519775,,,
56,1aa2013e02300b9bf6ee05670aaa9806dce694c6941d28d90a2af77a2dde0a06,-0.164973,51.525009,,,
57,1c3d9a3dc2e67c0929f6f1959c98141c57c1d5f95fffcd3987bd2c824767713f,-0.297572,51.40768,,,
58,1c7daffa47b2936d529d13b14e2c1f6eec7578fdc62c9ea280a2de3b107c3faf,-0.227085,51.568193,,,
59,1c9f7d756ddb9617c5b8f20bdad21918d90473569faadd823eef60e089e74a15,-0.174833,51.589891,,,
60,1cbf2ae8e2c5127593936aedda364153397c45ce9b564124c2129addfbd19cb3,0.007704,51.549348,,,
61,1cc7754146657ccfb511845298cbbf3c11296964812b2a5e55f95fe9876bb3a6,-0.021673,51.527833,,,
62,1d04970bca67d676e0e9da4ee7643379de4f6bcc4f6973d238cc565fd16987b5,0.043739,51.508231,,,
63,1f2cd22ebbee1ed12ae4f310d8a239d3224f053c50787cba46c737c30cdb8ffc,0.118445,51.497058,,,
64,1f5650564ae496751a64d1e1a7398e4a4855fa6a4dd852a45fdf9b29192d0c60,-0.461014,51.536406,,,
65,1f871994fe79c43af6169feab05ff03ab0e1cc304c1dfd10c267e487fc7e85ee,0.032277,51.607134,,,
66,1f982b98681b51ede4aeaf0b8e47725b6bcac414eff0263205a7e9b4a99ceae0,-0.215976,51.44936,,,
67,1f9dec2a612a94ab52189510401b5ea6e666b3a164b063ceb95b33ca51bc2856,-0.138028,51.475576,,,
68,215d2b6b64740b1fab32b34c61232741e53c7837b619e5e1ebeb0819bae50ed1,-0.048564,51.679836,,,
69,220a436069e17fd8bd507b1336d1b93ee59c1b8fb29c7dc6ee6b3dbd2980868c,-0.25759,51.527366,,,
70,224764e652cbf2a71a8a0ec515b3b17529005a250a99083775c51f3bc494dffe,0.029116,51.546578,,,
71,22995d459e7c83debfd3ce78c2484183ca008200bc44b923bde748f1816ba3ae,-0.020073,51.587939,,,
72,22d1bc519a037d1e9dbf95492cc8eee31199a5eab45d247dc5bfb907a84ffb25,-0.105771,51.547152,,,
73,233650ef2991156c3ae47413c5b2cf2a39bc11961af21b5a73743f5255f677a4,-0.047461,51.493203,,,
74,23a9409899767a4bf468637308089209eaa24ff016fa697235ffb7b2f101ff43,-0.181132,51.54276,,,
75,23aca5cede5cd07ae9240463ced9a6e9e12e99e0361edff4cace282df02d2c1d,-0.052682,51.636226,,,
76,23be0f37ca10d4a8d7b034ee7361a7e33252fdfae2ba2c94c5fd85ce797c232d,-0.168955,51.473158,,,
77,23dccbc83b397ed7ec76d40b8c5eaf29e8da86fd42eefd842a18c23212a38c6e,0.182214,51.577486,,,
78,23fd50991eff185642403d91e24e2d07db0dca3019b4844cc0325e472f9a14f0,-0.064836,51.454714,,,
79,244d7265ffbae5c9d5bcc50a8ae16ed88cbee64efebdcbbd8b25fc1185734272,-0.011872,51.560526,,,
80,252e2e71806aff71108e557c5c81c66b25bd8e8e1c2c17915cf8a3141113db46,-0.082927,51.384626,,,
81,2585df4e9ee68534349f2bf43a99ba8c27a79f28023a30ae45e6ede3fb0d2f04,0.125223,51.534355,,,
82,25e0e76ed4d71ff3545e9a5786cf719565d83d783cba30a4a1784d102b161a04,-0.167975,51.497252,,,1
83,276681d9b66bf10d8f852dbd169f5c06c8304b1105d520e77eeadce35715da87,-0.018712,51.58538,,,
84,277a23758ad42ec284a9cb21da499de5f0e693f90263959a14e357699c5f4751,-0.13349,51.538028,,,
85,278e6fa3c4ee8f70b9a2ae71413d8dbb62898eddfe597058e8ac3b6e2137cd8b,-0.14398,51.576143,,,
86,27d01ec1a5a3031aae3b6789b5f59da73a48f4b10796ad3777770f86d3ed5aeb,0.098933,51.48347,,,
87,28467f01b0610f6c103d0a69a82c2e960e4f0b9be1e64c9e3f9a4241470ba3e8,-0.215178,51.408918,,,
88,28c8dc6efb43f3e529065380899f5e531082ebb957e79211d005ba6b9582d0ae,-0.008424,51.572725,,,
89,297d6ce354013e7077ec71908331e79e595fb8eeffe451344c30a743576d8c20,-0.099085,51.601323,,,
90,29a5b752f6c01e171c9a353b4b9fe81325ca7513a53bd8c564e4cb02a067dfe2,-0.163368,51.489662,,,
91,2a1b26cc704f376f17e829863f2100b9afe5bfb7bcebefa906769cea9db3927f,0.11524,51.527701,,,
92,2a5e6e3827392cc6444c4b820a72bc5788dca895c498d0ba57197f0f0decfdb9,0.193726,51.461078,,,
93,2a98a3b14e712d60ae9bf77e3f1ee298a9f35a7f7de4bf54d547600c6623f884,-0.20077,51.517255,,,
94,2b6284167bddeb2f37c355293f891426733a4e126c588b871cf3ecc6ade8e6f9,-0.325639,51.583803,,,
95,2b7e2f79d2120b12c0891cd0e160f01bb63413aa90e19da37f146d6f128d9396,0.108946,51.554352,,,
96,2b9294746022ce08892c431fe9a74f5fea221e12adff822a1dd6e8d525179045,-0.271476,51.56381,,,
97,2bf3045657eb3ce613db2ae69709fee2c1a59f75c45003fb4982aa6fcaa7fe42,-0.097339,51.48753,,,
98,2c04e2a48f13526a9534e27475428d5797f56515bb68a77f4940dbba82aa0647,-0.113994,51.506998,,,
99,2c83eb57b8db05d28643830d80226e6c8beed56db99834f12f45e635bf2829fb,0.103109,51.445563,,,
100,2c9ff3717311198c87c2032a6826d917f812c3f7dacbe04faec5083d1f2497b9,0.096983,51.402299,,,
101,2ca83f3f3f1dc35fd9938d5acaf5e07fdf9ffb58b595491b4d4f9eea06815f40,-0.44738,51.459853,,,
102,2cc22220b135156f55d40daa34a1bf5b5b7a7c5f7ea298b55b18ac6cfa7af637,-0.08779,51.656002,,,
103,2d8cf538104351ed959b3d228860dd9615583b7826bc4eaad967417572f49fc4,-0.111492,51.490825,,,
104,2d93b380bb50eec1eda10ce05a2af56c081f4eb6132e6754a4d3aaadf3450735,-0.138459,51.493621,,,
105,2de0cb3d38f40b9c34a5a69ede8807f3902fded1c56a3b48792c291b9be7367c,-0.114785,51.400817,,,
106,2e4a774a5da0944a8c226cdb39c922f12b3b8036de5ae0a3471c7c2867574aa7,0.014732,51.48573,,,
107,2f0b9c55504ce81290af6c49f78f154bdc59d7db862117420a2370939e6480e3,-0.073932,51.475251,,,
108,30242a210964ba37a9a1cf24ca0211f77c1fdaea34975f0ce4593865d207c283,-0.142363,51.513827,,,
109,3025b3352b9e59e2210e7adda31521a0bc09da2ceec512f3c3f737280edf1a4e,-0.11047,51.54757,,,
110,302837328db997e5bcb3f5bdf49802ec5ccd977c737d7c57506d4ceef887a813,-0.21682,51.44431,,,
111,307ae51b6be97fb1acf4ed9293ac03ef31b14bbf34a53630d9d20587f68a6608,-0.140004,51.513708,,,
112,30c74704d8d3d5ac9efe976ae469752a47e2eb5814aec07e5989004f5eaf37cc,0.02599,51.509645,,,
113,316eaed3af759b8205ff89468c771b261725cb64c7ab4286bab888ddb8cdc716,-0.152167,51.47597,,,
114,31ef167a1143039224fc975b71b7f793f05c9d1a9b6f2545f35e6cc2f8cbd42e,-0.140141,51.534753,,,
115,320a0b792ec4e6b12957ad8334d8ed973ca959e8943b9c829b50f023c5e58d22,-0.141383,51.549934,,,
116,334c78ae034f45396b507d54f6eda218858d022970388f325e5cee3fe6944dd1,-0.145735,51.514195,,,
117,338f9cd2f0730c9d3ba886ddd334905cf7884d32fe5d81779626c8ffc44f0ed5,-0.017778,51.50033,,,
118,34db30939ab439eadec0a3cb8d6b7e1a3518cae87661695e4ca3dd94a5336c1d,-0.201469,51.577793,,,
119,350e2e580a316007b2563c26495ff7d106b18f87b37342c34501a0499431b369,-0.089842,51.526984,,,
120,3529eabdc26793bf6f3e3664f1f7170379545b44930ce976195132da5d1d9ff6,-0.140844,51.514684,,,
121,36f1d5426ba57613caa2f4747d1aabcbd8b80a0f7f16fd34c8c07b741dcff749,0.001022,51.421945,,,
122,37086f41d2f9ed6a382a6894ccb68c2cf205e0cadaa72501cd0c0d476981fc21,-0.107658,51.565977,,,
123,378b06a7b27a520b135ad6bd61b483b2dd69e8860616864df695ed7c998ec311,-0.385556,51.473328,,,
124,38b586341e1b6d257a0f58e11bed841d388ffcf35d3f8bda62427fc5aea647af,-0.106464,51.530455,,,
125,39867f99d64be3df89185d549312247ae2d47596c53a220d177ba357bff9686e,0.104999,51.424692,,,
126,39aa3d3003697a22e634941816694f9e893c325961e17a07490c966d39503f24,-0.090905,51.381824,,,
127,3a5fa95dcb20b95388974bc2f2ed3baa4aaaee45592aca31d62402036fd4709f,-0.418792,51.504444,,,
128,3a935f5c2c34690d392fc88b67e77d32e28b8ef35cd236628891ef873af5fe9b,-0.324134,51.428772,,,
129,3abd400cb57e1f766ca08510f4b1382a959a2a6badec409e1d2dd5de163824ba,-0.21842,51.358411,,,
130,3ae8b36d00e705f54f0be7d0a33a0b1d68c6d542ac503f2931d2315242acbe21,-0.130895,51.407325,,,
131,3b58a6c7068fe09040aefcb8a9051b6db7729f0e781d933f25fb70cfcbdff1b8,-0.124122,51.508087,,,
132,3b8ae8a86ac9397540e75954d5ce179e8463efcb6132e543e8966d5e12112325,-0.452096,51.551486,,,
133,3bc65672a9745ed841d5de33ddf228a747085a4c65ba8185791fd9bdd75eae5e,-0.120538,51.460693,,,
134,3c354e1f1f586582cc03d62d8f1b2d7c084351f94b1b5d94aaf9b2fa286cdfcf,-0.083525,51.58196,,,
135,3c55e8a99bf309aaa8995566a6ec97d9c2874da39cf1deedb0ac960e00c8a2d7,-0.094356,51.496888,,,
136,3ca55bed04d4515f8064cd2d6d003084c09579528ade2bc84447d8b24cf53257,-0.017873,51.588406,,,
137,3cdf3f666851e58caa05da4aa28bdfeb965336cff977b3daa25c4ec93944972e,0.103142,51.44692,,,
138,3d5b84f80066ad492c5645a323029b3e793f9be34d95c348f51aafc4b1d6e8c2,-0.068634,51.488158,,,
139,3e07b821c08c3600408345d34ab02355a4026cbe31c5ebda6dfd5c0a40d780a4,-0.128701,51.511703,,,
140,3e1219106a13a5dd97fb5918b023385d1b7c2d2d61383764a7a49337559c828a,0.020919,51.508069,,,
141,3e4a3e5314e1e6fc0cd617d278080b0311337c62cd7800ae663d912d83cea746,-0.024806,51.481394,,,
142,4026b5a9eb04353d8389ac005c8ffda778c0be4bc4ced0c9ef8d3142c50f5b0f,-0.034556,51.575467,,,
143,403b3551377583f18bc2051096f0e65606a857f99514df82f2a21d4d125c8783,-0.125259,51.514445,,,
144,40cd8429a853cd65eaf0d2c7572ce39e875a2971c56bae666876338fc76a47d7,-0.295091,51.570846,,,
145,4109ca93b02dfda5d5b08f32f4a201362df9dc8f0351d8c8faaf6cbe20227e0c,-0.480687,51.546608,,,
146,41149ceeb60e6f370f2c83fba27fb3eb527e567e303fc52038c540adea82b603,-0.135165,51.646539,,,
147,411ed269c947b00ec9c9d161d33b9187fb691cb164bbf99e37cd2b2d5e8e71b5,-0.204648,51.586493,,,
148,412a0e25c1392968916d63d8ee40325e5f092fa41aa009b6d8bdc4c8f1ee924d,-0.194289,51.487984,,,
149,413b6a591e00f6c15e3eb748714d2a61bae3cedd15a10d4faa8c0f2c12e18474,-0.105349,51.593061,,,
150,4151b1e398e976042a4c964096d04df8f9cc475b3101a3947dac406dc6d67403,-0.076587,51.500446,,,
151,41f787457a2c38168a822e1a5ca0a6b3eba40d213c4507c049ae0ccca5570cf0,0.045653,51.426741,,,
152,4230aa5040f06cb8ab7e5be1b1aab8e39cc2f8b96a4a488decf4697555444234,0.049934,51.421468,,,
153,432e29eb31b9d450edf46110633223ea7069332f2dd12ba089013a1d90fc726b,-0.141729,51.545695,,,
154,4352ddfca8d8c26a1d9a9073fdc838cc032146395daeebc7b9df14934045f5b4,-0.220797,51.489693,,,
155,4387c65cd898b6295bdb034914d1c22d8dbbfe34f4e5e077f5742be434642640,0.12828,51.586251,,,
156,4476543ebe8284a7253e9a6266e34f3c49fe398f6553cba0b1f100380b6b50c4,-0.096819,51.527008,,,
157,464e9e96898453032317c3d7f7a51ca4911d656dec7cd7f01a380266e1105905,-0.065234,51.492274,,,
158,4711700fdfd0bf2d880ab7186af3869383fb2bd56e7427c983abc833cdef98e7,-0.045838,51.538552,,,
159,4817437b04235e165c024a68edbfc6b385bc5a25ddba2b02f0f7ca651b55db1a,-0.097211,51.488202,,,
160,482f523bd8a12fc167db962a285126aa4aa879eb1551a8f36d998bd286fda011,-0.12833,51.513361,,,
161,4a13394d68daeb1fa1693f131f3078aa7a8fb7a43f94b1e3e0e4b6449ee3f416,-0.134995,51.512136,,,
162,4a1883ae91a0be1d1fc34a4505f2fbe863d4db3547a007131389db022c480a9e,-0.06317,51.497123,,,
163,4a765412591c2b83e7b89f6d0434e30ac89da321f0e3cb59c1aa3280b25f00de,-0.415751,51.527333,,,
164,4abe1d1cf969a754f99c51dfc305bc7448098a05ad0f6e1e8447b71f944d70ae,-0.124835,51.44613,,,
165,4ba505190585364d965f33a5a4897c27613a7f7f934ef39155b4c2be743b5df9,0.1314,51.495556,,,
166,4bdae09b1e9239a9013eedf1ecd4fbb62b8cfbbe9f105aaf11618557f2a5ffeb,-0.315427,51.554333,,,
167,4bdbb3cd99c62ffacae6046334bce39e25cd0f2c2971944588978b3841797aa5,-0.132373,51.544881,,,
168,4c9b3c399ab3dda64815dd4ca1931eb306444a632a3c06779a7d9dcd8c02bf09,-0.161283,51.493505,,,
169,4d06ccce0bd66293dc8ae9f03f69c75a4ccdbab950cad5178e4990d4ef1d3daf,-0.107917,51.5194,,,
170,4d2ca0198776cfbd0ce28714b3a56937c0daaddaeb22cb520f36e3dcc6922e48,-0.173905,51.46891,,,
171,4d38329ef805013189d8a793b19f14dda26f2e5141c47ed2f8779f3d7913d168,-0.071621,51.572656,,,
172,4d485381e4bc29464b7e3363ac67cf05b8c66b36914237a955b225fb35cae1e1,-0.083237,51.524979,,,
173,4d6f56f24caf1039c804f64494452f3e41a136871d129788d6700a81c864b883,0.01124,51.406986,,,
174,4d80ce2f3c4209a59242c8401dbc94189f26bc8498d17e93ac2903978981eb20,-0.134064,51.510952,,,
175,4d9820405ed003fea4931b71fbc96229e1b5c2eb20a033e76097483177b6b010,-0.045371,51.47976,,,
176,4e023b96991265ec302d67d632380ba6714b94a16cdbb7fb9f85d160f85fdcf4,-0.031506,51.568231,,,
177,4e73681e77902ab22e29496efc3eb3e861028daea3e4d600c290284a7fb31fc0,-0.137787,51.462029,,,
178,4e84e99e876292ea0b6dc0e2d6844fde5583a39e49f9c4b34166c32192aa7f6f,-0.122652,51.455502,,,
179,4ee86010937ccca2151e4f34117094cac48dd6801600ef83aa2f2dabbb66afd9,0.220417,51.590272,,,
180,4f22499a338176d136f831eadd3f51a0433503d64a12a5cbb0a2028491f22e22,-0.167855,51.468986,,,
181,4f37cc68aedabd97a444ead2f6c49edaa5c4962574e9e96c6f30ac4262a96dd4,-0.143693,51.530394,,,
182,4f67f31e08b8c5000ef5059d76ee2f0828ce70695f4f68af352c97a49f3c3355,-0.131925,51.51179,,,
183,4fb86145c1d3c8d688b9da6914f1e27457a52706191ef0c421b6fb69055e9a50,-0.131196,51.510942,,,
184,4fe9e53620acf3e434551b3847f81a501650a792e0f2c153da406efa63e292c6,-0.477901,51.543677,,,
185,50977127f4c0442fb0e651ff621eb81ff1fd0162dd147b0424613472eae3361b,-0.140778,51.529035,,,
186,51337145aa10b55d317849db1d8d61ec7b00c22fe5a14f088cdf816c62faf4ce,-0.075477,51.54558,,,
187,51d1c7efc7cf4bfae337b2ee3211ec504f3bbeff9ff407d76a27eefdb1e0428d,-0.047884,51.536887,,,
188,52a069b3898e08eec0b9bcb8096313acd95ee197995b1bb0f7a47b423f2d15fd,0.003127,51.454274,,,
189,52de235a4f03c076e38ee89642429ec4fac20fa73e04045eecf3e7a14e60598c,-0.204951,51.393796,,,
190,5377ec4071bedd8d17004083a1f5cbec36973a15dc625c5e03ff2338fd936aca,-0.131609,51.525296,,,
191,53b5c0c1e820a9e094e5654bcbf6d9db769aef9f4138000ca3d9aac9b4f10777,-0.131715,51.513406,,,
192,540246be30f9025dd77432ce12863e2da0a850d5c431b688716e81cc292b5bfd,-0.09093,51.52166,,,
193,54ffda045822eaafdc8eda556936e58842e7dde0cccc08253f2d892889e87975,-0.306788,51.592759,,,
194,55f8739f3c7d0ae37d5997f9e2c648034b3f2061258af27bcc7a6431997cfec3,-0.24128,51.596899,,,
195,56b2101cb021c0df6775d4204d6be1317f4d226a136fe5a23f534bb91635b318,-0.09645,51.354449,,,
196,56fd56d25defccb51296050ebc6eea588316175c61986473a2177e31dfff0621,0.018628,51.399089,,,
197,57bee0d891a4078ddc8a2eeaf48954d703535008f661430c89812302ee2bad43,-0.434272,51.521135,,,
198,58afcbec01314900e7e7ecc4ce10190fac95ed6f08043947c9ffc5f88cf09a87,-0.276595,51.46613,,,
199,58c759eec1ef9dddb209b764b0fc7b65b40733d11dd66d9ae27ef0776559e51c,0.025958,51.586857,,,
200,58f96d5b2c176cdfdf0d7124a0d1c90e1f8ef6c67d0286bad7f9e087c0014b0b,-0.041192,51.636943,,,
201,59551a4ca990582da9e61ac7e93acf2d0e457be7c1fb59998b92b37c2f195f4d,-0.18093,51.407393,,,
202,595b1a56f32a95e8b83e4531b4bbc3a0f7db9b49553630f1a54ae4bfff2afe1b,0.152121,51.446382,,,
203,5a7cf2850b7d8a84e5cf7882efa309e8d8b1c8c8b4f06416cdbff37df6b23239,-0.399098,51.579181,,,
204,5acb780e5774d2601f8ce2bef217ebf625a0a217058129caa871cee61c6b4447,0.07574,51.410088,,,
205,5add03eb74bd4e84028c57d163594a49597349639468c7135d88f76e73d116db,-0.18196,51.513647,,,
206,5b678d439bf693dbd2cb9781269384c21c85fccb36423657413980612103f4fb,-0.192517,51.505474,,,
207,5c07d62af681a108b4cb659f4d2cb6b30dbcf50bcc2810ecf143116fa7f85357,0.052438,51.53602,,,
208,5d183a2e0a2bf2c34056cac523addec84120e732cf4a7d3f65330bad5d7a7ebe,-0.361011,51.556292,,,
209,5e48a1ccd9fa83f12eba59ffb4d4d357003aeecb553ecbdf0ea582887bb9fe9a,-0.34666,51.534988,,,
210,5f1c243efb38a1c543633abd0c6a21ba74e748ab0e4f200b96ba28fef264e77b,-0.096036,51.469029,,,
211,5f5c03df9cc601cb4650036eec93542e542b243ef09852f72eeb636a7f1594af,0.078675,51.547257,,,
212,5fcc48e873d3595283c9eae427d2aa10b49b77e035c8e1c13c7de9ad5eeff988,-0.165692,51.405141,,,
213,60b95b84d966be77b6f18fb1611933a022381da11640be5a96ab001a7dafdf68,-0.10296,51.323819,,,
214,60f62ec81fe1027b07b05ca367a52c58fe789b7ec2f17afe6234ee59fba71eab,-0.05614,51.529254,,,
215,611f24bea2f4dea18312261265e3fcd5d746a24f81db0f7777626bf30e33e026,-0.127464,51.45539,,,
216,62c8e447dfb13ce08c0fb69b36462696fb4b5b4aa4962c4214fd6b491451a5df,-0.23052,51.507942,,,
217,63199bbdfdc65e4718e83225ea8159cef6c277292f1338ee35d1f602523b71c9,-0.05294,51.554578,,,
218,63b352c3d34fface98d271045d48d3b878c7a35aef15553114fd8804d47ead04,-0.144756,51.359704,,,
219,63c10dc1395dbcfbf7f56801f33b697c689a75c6b5911092f6909a6e88e04f3f,-0.188065,51.387306,,,
220,6403a2220af646cc3fe51b4fdf3ac9dcb926813bd6328212cd73f98db52fd1d4,-0.145742,51.409953,,,
221,647a6f762fd73297f5ab862627d49c52dc1a3935d2685f52f5f27d1582635c3d,0.005527,51.435474,,,
222,647eb2677337fa90617e59f27ce0ae7b697b2e5a77db1a0dc5099f22e4a9e57f,-0.130689,51.432096,,,
223,66c5a1ead66bf1d37b64788ebcd176472b3d68dc27af456086b41942f9fd6ebf,0.196879,51.535373,,,
224,672aa40db4cacd4044eb547df86a451e4a19f3310018b3381bae71776dabbb28,-0.417289,51.566119,,,
225,68031ec8894f937f6b2e0d952351df17579ca9045df824afc2bd3aebf6b4dd65,-0.198156,51.47611,,,
226,6806cec5ed17eb57ef485d7a9ef5c5fba339a1841d9a29650f5e3e7d47735be3,-0.090503,51.477401,,,
227,680b665f285e9b955d978ba6e54b10f8562b658228ad2a1b176d5da1c603ce3f,-0.057886,51.518735,,,
228,68aacc6d2b9142bfd7bfed8bd25cac4c7cedbb3dcc02c269ff6f21efa6fa7bac,-0.100927,51.396268,,,
229,68c849538de69a4e0dec5d9b09c4429cd5d5269bd1ef339c7d7d8a17c6bc7b1e,-0.10254,51.371195,,,
230,68fe8858372f760a97b9ae1700f5387a924f5ef2a0ec84057d914808b0a46e26,-0.128136,51.528645,,,
231,6928c04808bcce8fec108c37626930d0291bf9277316df6c3f1015091c5e53f8,-0.443468,51.563817,,,
232,6a49ccac8c508acb24e193b73ee7351e70eb8d4ccd0fa467e84c78899126ed74,-0.128701,51.511703,,,
233,6a9e3166411224c257d37ba992e480099ae84e34be8f41cbd7e96a634e03a16f,-0.250049,51.558988,,,
234,6abe7193005979bfce2f13f60f339f81c62a9d846e2c41c3abf0187e984486aa,-0.167888,51.497988,,,
235,6ac9f52c9aefe18f4bf1a01f3a33fd0906257c3ed3506a199af912a8e4a63a49,-0.120887,51.510373,,,
236,6c269ccd2425d6cdb454da3db1c7eb88ebb611a86a78030e78f27c1f3634dcaf,0.047227,51.58022,,,
237,6c3f87c1c0a74e52655952bdc73c7e70a43b52dcad5b91b1d8cbf61d03cafcc4,-0.115479,51.529674,,,
238,6cacc8e1c79b959290f06c95360fe72fb24f8b8101884049784a02c5dc4b97cd,-1.15E-04,51.546676,,,
239,6d77318822cabf70a7414ab924989e81de5e403f5a0923cda1b09d4c5205042a,-0.136062,51.464088,,,
240,6eafbcb60dd441340fb3213a125781e865fdbf34467340aaf71d73b511e454af,-0.140222,51.515088,,,
241,6ed4419b2927cd915d5e225b97e32c9bcaf02908340d8465e7bc1b77e66f68b8,-0.006898,51.543293,,,
242,6fd853919aef3af5c63d4aa358464011fc9f3b03908c6260ab45d8881154ee9a,-0.385089,51.524856,,,
243,70316c1193e2d1936b118e14c007de361a230c378e2971401208bcbda8bc59bd,-0.364328,51.46912,,,
244,708fe876d5b9aa29b27d510bdd2e70be5de9b110292960c36ab93d4100444fb2,0.035476,51.608598,,,
245,709744fa5a25189b26a4f30469a07238b43e6f32baae7b9b78e88d5d127bebb5,-0.344943,51.57771,,,
246,729c694da865783e336720e99cc03692f1f6c5359d58cf5ab84a02df77d8b9eb,-0.100949,51.506374,,,
247,731ab45e81bba500a53511dd7730ccdd11f10ac4981d21548aaff35bfe8fd53c,-0.149605,51.491604,,,
248,74272c4cd4600ec513dcaf3961e60d9e6d941e2c13768d6d78fe2b671e02972a,-0.104639,51.433396,,,
249,743a121c3c3031fddb330c2e8f6a62bfbd22c9e2b35573d63f288528dc9cce32,-0.258056,51.589555,,,
250,7475a3e89611e136ca8420f9124a4bb624cdba4d3c78365bd97f328e82fcbe84,-0.133841,51.512513,,,
251,74d3d9bae86b1ed45c3932af1b7df8b2126ed973a94754b4c9776ae4de0a8c25,-0.419132,51.594505,,,
252,74f268622a490511f0d8ca477beeb1901b5e52bea00a33575d8ca6e1a0abc97f,-0.055552,51.439813,,,
253,74fc1859056a95efb4e0a864d1e5ad5f59878a2bd5df264bc005c47860ed972b,-0.292172,51.541678,,,
254,75621f45ed72e396250a72987a5ffc4f7a751dc1b47e554ffce741fcf0a3ff9d,-0.192925,51.364989,,,
255,771724650c54d47ff50384be4861c19f978eb92625c373a0a3a5599b266ac2e5,-0.135874,51.515684,,,
256,77b99291c8e00fd78bdbd294f7439f3e5689ce244b12440be4dc17602c10ee10,-0.483806,51.546064,,,
257,77d5ac75cab5110b2646e85fc050b251a282d35152ae4536409960b0d830c956,-0.02639,51.612721,,,
258,7829f542f11da0439d251a6bd50a9db6f7a651c6541c32e62bfded788d6faea3,-0.117062,51.336951,,,
259,782dc5dad454e1e974b3eb63feba580c69d4046b76bccef7b0f2a5155d60f199,-0.31948,51.510896,,,
260,7838369a3b3c3062695c6f9bb03973c1ad5be98b08dc57e7af7641b0ae0bf0de,-0.179462,51.546295,,,
261,78ce8cf7642935cddacf649316333040a58787e9f199ff896027f72038cea5e7,-0.127139,51.513243,,,
262,793598381f091a67be5519aab00a0b3e2519f4d5b94635fa367058fa69809e85,-0.105962,51.522758,,,
263,793c9563b1a27be317ece23ba6232a810fc9eb1b5868642138dd395e049d9298,0.007025,51.630544,,,
264,79653e4466600f4cbeb0af8659c1dc739d599036331f5d38b49d627bbc71512a,-0.194685,51.601123,,,
265,7982b8e1ec486a52f01cf44821701646ec1df3438ece3ee8c9560d5e25170700,-0.069622,51.456574,,,
266,7a86493b2d8129221570692effe8c66fac5b93316b9a37bc8464750f5fd861e4,-0.26804,51.572221,,,
267,7a8d2f5270479146d9ed15d6dd130184d3fa0fd33d520798444c1635a24662e9,-0.069253,51.657767,,,
268,7b4207c0360cb7c35126dc688791d8736c8389c6b6ba0ae7a2e7fbe25f596939,-0.363082,51.570924,,,
269,7b53ece30d1d07f3ae731e8af49e56fdc200a55e68f5447d3e1440171de5b793,-0.068095,51.509785,,,
270,7b60616272edf1806edb89927d7be0cdd6a4d34bcf03b7d27fb16b9154e90290,-0.307699,51.602816,,,
271,7cc2c259c12d406e1feb9fa4bccc210186d9892873407824f043fd6ff8367275,-0.200903,51.548631,,,
272,7d20e251c3db707a6e194f43592f63eb0d2a4fa6d9c7188405a2d45df7e1e779,-0.149304,51.543117,,,
273,7d289976785d7b3f2d817ecf85290e082ef7e8c2607e40de3a1be6ca43b604fc,-0.10355,51.453099,,,
274,7d40b299d417d7139523af82472864f462254a7a4328dea205ac3bc36f80ad97,-0.39731,51.588571,,,
275,7e1ca40df63020982c2578cbc58ec2858cdcc8943837fd59306524bc2e6f47a9,-0.245403,51.558235,,,
276,7e4365ab06847f790fc8b35a590fc559154ed00d91ac2f8fd4b55e016cb1f724,-0.287922,51.553863,,,
277,7f25aba14114f843525b2b22fb5d92fb6bb5017b5a1dd2b0617bee2396c7b357,-0.297794,51.500377,,,
278,7f5867ab97733f2c7159bcc780cb33b6165dd5ba1c68f9637efec44046c59add,-0.034134,51.500588,,,
279,7fa7f9eea072030ea8c42f29eabb2c308b2e7c91a6f6cddaa19fb2959c3fe864,-0.416058,51.497717,,,
280,7fc50498e28e61134092c5303176506ba4228f8be8ed90958e7d18c2600ec3b1,0.216271,51.609793,,,
281,80d45ecde870d05fa93827beab0cabdecdca36cbc35e09607bb0cb90d287be72,-0.141526,51.512078,,,
282,80f9a5ec951d1bde604f30a79a4a04be90065502689b35b8063b3754020c80c3,-0.144307,51.540595,,,
283,8156c151089788523424065550555be365ef7f2b199b766d43b8464283a6389b,-0.366033,51.442223,,,
284,8176c92b9ed73e5a43d70f34176e90da243f65fd30b3ed700bece311df003c99,-0.251808,51.527028,,,
285,81c445126ad6b2a916b5d10d9622c4f30e5cd8900b93db31baa9d2dacc0a833d,-0.010768,51.576901,,,
286,82590bfadee03fedcc87a8f5c3361ab02498fa5ba77562f7dc829a68e05f2fb7,-0.130917,51.570207,,,
287,825fed653b5428297ceb02a80be6af8e033a2bc841034698613c1ad8059dded9,-0.070922,51.610971,,,
288,83a96a09d45df6496426a08d01e376ed2d8353a10929ae963fda8f9f79384393,-0.102854,51.528176,,,
289,83cdc9340a00b900f84fb16d544fd3f7a7ed4c3434720a394010733e4718e3a4,-0.116432,51.495541,,,
290,848c496edfc0a97640af5bc7d015fccb42883a382383d0dab86443ab6958c81e,-0.13493,51.509158,,,
291,85591f18a81926c5b05d991b9f78fab15da92eb40a2ae8414dab923ac18d24e7,-0.189797,51.501376,,,
292,85c3e3086e39ca8c88bdf8fb7c1b06b42e2dc1d1822405832b25d7845a1372a3,-0.140154,51.516058,,,
293,862b4ba95595b091f24c89e058f2d1ac2d6ee8cfc678c6870d4a4b4d812803cc,-0.073055,51.575269,,,
294,86bfe1d3cbb26ebc764153aaf869b4a1f25f988e070daa6e84a3fcf534d63cb4,0.033572,51.314603,,,
295,86bfec761d62cc604899b960b515d54ba718fc5c9d0930ffefb44d2a109d1ba6,-0.029726,51.650752,,,
296,86d09d748a8339521b7ddcb2f0d3d0064e272d7cf4364690d6c6810740399d29,-0.170369,51.50835,,,
297,873882f9dcb6b822dfc1a75651778a0501f6d10adaa9aa1079b7e171ab7a38d8,-0.176243,51.492965,,,
298,8744192296287152b44d9b2fbccb036ec2fc10b4dacea54f9f5d4feaa31a5dd1,-0.071058,51.488404,,,
299,878467d707f80c5ef3aaa3daea00302e2500a0344991e0ea79b817631272ccf2,-0.084836,51.577558,,,
300,87987ab287e06a80418125cb98e037c66a4fb1196732e23a253de4cb412f4d9e,-0.165413,51.522669,,,
301,8822e70b602fdceb42e6b3f11e0bd6a61a482319cd435a4a0cdff95877b4ab5a,-0.094708,51.497784,,,
302,8887c4e13b1a451e7adee4fa819009568e0b882a65383919cb8ce5a546af1507,-0.08245,51.557771,,,
303,88ad88645e28e465233a9f1d507295b26be519f7d2930ab31a1ba1d1bfb1c795,-0.458471,51.470361,,,
304,88b0e96287b468220538c34fc89b7a77543f574849ac952e91a45fb9cb9bf103,-0.423047,51.523934,,,
305,88d22c381c2888aeecb2610f0261643d58e89381d5f87d44aacb677ce2fb9086,0.017226,51.485777,,,
306,898f97409f001a8c7936f4f4832c89b5e3b03fddc20b7290e94e8d97fe4d7bfd,0.062405,51.421483,,,
307,89b8425140989ce3c1e98ca8cc00f89ba4afdb389940e28b7ece42689f4b51e0,-0.099284,51.52355,,,
308,8a17d592158d3e77fa211b8aa26d1ce830afafa70f0fd518d4a5b7c9a3160f63,0.018034,51.405853,,,
309,8a1c1ed37db0ad72d576d5a0123ab6822e8bb765a2b0b7590ced4583d0622d14,-0.030302,51.50993,,,
310,8b1b88738426f0d438397b9aa7b2e4569b81c38392b21456b453c1b7625cc9f3,0.163625,51.581522,,,
311,8b8b188fe0028a53eebe28c392012f5910500c73eb2930947227d4e09f31c7e4,0.030978,51.545323,,,
312,8c50de473cf0b08c4bd7369d3f335a81b3fe27add676ef93e24f75dbbb3c0b73,-0.282747,51.535407,,,
313,8ce19049dfe019c907ab0d5498cfc09fc9258f5e3b817b265bd19cc9c71916a4,-0.026066,51.47824,,,
314,8d557024999d6e4c9edec594162301327b5ea9d0cad300fc71f9613ef884bdb7,0.148079,51.49026,,,
315,8fbd6907dd25bac8ca2a22940dfb13e6e10508b7c70014fc43bf20011c843aa8,0.005302,51.622939,,,
316,9020f905eafe6132d5157e0e3f50971a675365603e050213920d08d51f84cf86,-0.268458,51.514506,,,
317,91497e8042a6fb4a5157e654ce1b559aeb902c3fc36e4ce3703b69fa6eb7a2b1,-0.089168,51.504168,,,
318,91654d66cf68ade2467d3c07209e8c0c98a05d5e569bcbc892b13cdeeeacfcbe,-0.06943,51.565102,,,
319,9177cf17012928da8f3c4205e5dd3a155b6d14230cff73e0208a5063cc633902,-0.284376,51.559548,,,
320,91dcbb437c81725235dea3d5294b3846a133a50564e3ae9d635990ae8804afb3,-0.325683,51.509932,,,
321,9250b05b9d0bf010314d99c4c49380cb98e562fd976b8cc6f816e966b87d4299,-0.104245,51.564087,,,
322,92708694cede86c1a997826efefabc3a3eb39c6b5caa59637da2d0e3be3b7969,-0.114788,51.462606,,,
323,92bc65a1ca83e1d71c0d5c7907b2e015781049dc330f12febe368d14274b465f,-0.255044,51.400022,,,
324,92ed031ef6674ba85cb473d34e79193532b3ef83814a545fbad7255a7c37040f,-0.066991,51.54402,,,
325,93310f816432be80b92afa025887000ae2ccb4ed2a027dc171b6e5970708064f,0.082697,51.487816,,,
326,9388de18964bb8bf15aa55c778c32ef9b8d13ca4370d8be3445b06d33af66ceb,-0.138845,51.565118,,,
327,93b257e3782938cd9517c25b1dbd784640dcf4c0b7d759c69989aaf722c9a790,-0.009109,51.462846,,,
328,93c29b2d574249d6fa21e84090272ff4360978d7d67dd63c0bb8ff3b23fd0993,-0.351075,51.506716,,,
329,93d40f7dafe682ba0255a74f48d46b26953884e505e646689032ea491d5c5f90,-0.072733,51.58423,,,
330,9425b72c3c762996ab29e3c28a995d41259d5248ee4072bc32c7e3293bce70a8,-0.092042,51.396996,,,
331,95930842d92c2f56d268f6b9a6880023eb334704f14a3a24ffed6d102f7ab447,-0.416454,51.447195,,,
332,9595fd75eb6201b71f06592fe3b7eff8158c36e4718ac7f60cd91a54af6f4456,-0.38657,51.507422,,,
333,95c04a9e2620d626734b6c21008226f44121b5f1df40387ca6cb043ddb1bc3a7,-0.272681,51.508399,,,
334,95caf31e01c90b8adfde80985993c470121897a6459e133e05f72d42aa5c5c16,-0.006898,51.543293,,,
335,95e0e8c2572ddefa8f1367ec1dc7d37110120cd693097a25af5d23345706e85a,-0.155941,51.438791,,,
336,95eaa2a4bc7bf76a258efb0e95630558a114f9df8afd539d64a8ac3ed303a074,-0.099148,51.560381,,,
337,960a2c53a0b8028730c29ae64b8e2e7543581c35b08f2305c4bba7c228eaa7ba,-0.191437,51.489064,,,
338,96ba8194f06f240d129ccc608b8457a8cdc1094de7d23d9664288c04d197d25b,-0.051163,51.482392,,,
339,974608425be3fbb08db8b5995ac80d5fc471db50f69d15082bcc82a4da6cad0c,-0.148556,51.445662,,,
340,9788e27eb4b98052a820d4c3f9d1f8507c4141b8477291dcd417e30f8eb3ffb2,-0.333864,51.597678,,,
341,980001e334a3e7a92826211fd6a80f71a7ee5b4a12944da97d5deb97f3ca7ca1,0.077893,51.536435,,,
342,9803c3080288537591d6d5f20972d492e374724a1ea2e219ec2edc296b7e8d70,-0.124528,51.51401,,,
343,985f670a519c0426ce6b6a2fef0c5b63f9262a68fdc7358e65dece34c800a7a9,-0.02778,51.537288,,,
344,98b7dadfdfca9a62c3386565383039efae555c5880e020bec473b2209dd79146,-0.062926,51.470924,,,
345,990ed1ececc7011452b9b9d4fb453a22ef8b10f21b027f86353c49af60e29943,-0.080594,51.526132,,,
346,999b0a844816d16ddaa787889451715bb37cd8dc3a060badd97fdb5a273049d1,0.183308,51.583216,,,
347,9a320d3f07fb4dfbeee67d6d8387184394cb33ce1cc0b44f6862f82226cba542,-0.21435,51.64643,,,
348,9a4177be36a8cf545f4082d77e71cfd079e01c34d9610866295117034ea937c0,0.16556,51.54511,,,
349,9ab728c57fa32034294e85196d37b056daf4a2f9f42fd22f987bf0d1f1835c5c,0.080044,51.459266,,,
350,9c1906beceb3aab2ed5f2b1d678bd48c61ca0db745d2d30ff58076c395715e84,-0.45474,51.535191,,,
351,9cc302062d67f45ec44a01deebece28b140f5baba2a6817c91304bfb6a6d8bd1,0.017449,51.573667,,,
352,9cf3c893863924094e6ee2a3b1bbaa682f62f99aac0040366648e062b8b8c1e3,-0.061107,51.473079,,,
353,9d9f9d4c608502f297000bd84cc558cc3e9fc3038c510fd3f3b737bce4457060,-0.089938,51.505386,,,
354,9e113ac9288b326f9a88d53b55ccc05247066789afbe02aa63939abcab2e5200,-0.176258,51.42,,,
355,9e2d894d14921131d8f889028b008b7931c2f5f6feb16354b899f8ab419da0ba,-0.099741,51.355152,,,
356,9e862b354af5d2711b7d58fbda9b29554bfb363a19aa2f55dd64e7f92d9421bf,-0.099794,51.579491,,,
357,9ec8c42e24147e0ee45c89c4837635d45c291e0f279ac798970b1458dfe4b986,-0.185834,51.490506,,,
358,9f2992f532c3e90539fc19043045305ce3292d4fc0c2910ac1406e16a6408086,-0.06804,51.498139,,,
359,9f37df0b46fa11d02866605e8dd591d48d2a94899f595ea0699a3a2aa51c0da2,-0.099569,51.312091,,,
360,9fac4a3e35c15cc6cb5c821646e14ca8849a87688c5df9e41a012f40bca8fb58,-0.129438,51.513064,,,
361,9fdd87f2ff80a9a966fc0ab41338b32561ef8653196848819a4578d75aa6b397,-0.128861,51.603411,,,
362,a00c7e1bbf6f7e6f5af07d545ef0438259d24674825e4f1fad982c1345bfe7ae,-0.061618,51.661535,,,
363,a02fd18efc269366b092a17cf8a2c112ae227a4a747b3677545244af8328d4c3,-0.003886,51.425167,,,
364,a0be98ae845886d74256241b07f7d94fac4daa36123fabce70d156d604329847,-0.142205,51.527637,,,
365,a1afd5ecfbf471ec06fb50ccd33a87569e17273a72934f12daf28dafc72790fd,0.058852,51.431078,,,
366,a1e00b069566865311fb90dce4a68a9fc25f94c42a4fd7b0c18eb6458d8f22f2,0.109061,51.470735,,,
367,a2e1b13d32723ddd82a3ca66f41cc9e98acef26fe8005e70434700e1323cd848,-0.397791,51.518214,,,
368,a30480d7947d21ea6af6f73e36fecb77e28301bea466dd53b82a1a6e05a64e7a,0.006338,51.487124,,,
369,a35b276b674a456938feec3b21e3cc488040ca2610e867f2e3d1f2262ee1a8db,-0.198469,51.459749,,,
370,a387d8cee056ade1f45467aed1d76a0061485cf6e78c0a639f9be0baa78b8962,-0.346076,51.507893,,,
371,a3f923b712082e36031b43456e9add572365b242f82011a809340b8ad5c7cb4d,-0.135589,51.446032,,,
372,a40d97e5ca6a577647295dca899b09105591489c0c839c1590fc79c527cca21a,0.023388,51.473036,,,
373,a4c17c8a84284d0284895d0a5e215978e9ad7a66ab29fe481a69e83477a12ddb,-0.110774,51.487289,,,
374,a4ca0a4906838bd39ea24085fdf05db3e2292a79666f0447abdb6e4c4adf6f39,-0.042682,51.394167,,,
375,a4f3cce4ae30ff4cb62f4cbbacdcd23c3a7bf0d6ec46a374b1dc19776928f6cc,-0.101088,51.372592,,,
376,a6159b04325b0514f1d847e07cacb6ed3b181296e341bb0bff0f78ac3ab2cf9b,-0.004595,51.544171,,,
377,a6b41a19b0fef5c325b8b647cf7d0c4c9fb59d8f7bec56bea54f1144ca7e0ca5,0.180772,51.579711,,,
378,a728aacdd97b99bb4f2f7391476ab99ad5f3d388038ac944c7adb14ab512cc86,-0.241494,51.514824,,,
379,a7c1e68b063a47ddecf22f73ae56ba7f26c70e367905df3a15ae2045797dbd67,-0.10553,51.564764,,,
380,a802d855e38c47de6cc51bc5dc0b4e5f99e5925a260ca10192c4f413a346742c,-0.099674,51.399107,,,
381,a86d5d7080f9c743a8380a683f3c9a925f50271dc458aae5cea9a2082de3849e,-0.299856,51.411621,,,
382,a8e19706099726ee476a1900fcd9a6ddbf9e80b0d6e57ba454863e19abd7773f,0.011319,51.524358,,,
383,a908485f7aa5eea77165a957aa894d61b63fdaaca8420a0c8476c9c704763f62,-0.093635,51.401212,,,
384,a97ee56036894191f0e648e7c53723cc1f75cc0d1b1d82bec7e053f94d6af279,-0.349878,51.531479,,,
385,ab1ee72c4504bb598a894fa20054d5f0f0bf9c433aeecf278ab562f11462a25c,-0.010047,51.56367,,,
386,ab499dc084ba3e34cfa1cb0615966768217660135e3712c89d628dc154061e92,-0.085508,51.666585,,,
387,ab65f6c60f83535dd296653be8123d81e389fc71408a3e0bec0660b6379a661b,-0.115678,51.552087,,,
388,abb6a7eeaf20a84d2ae8fe50892b4a82f61b0debc5a99ae7b40b12d9b93e269e,-0.233993,51.504937,,,
389,ac1d3dbe3caf6ab362eb7430c4f0a02121f1acecd3f6a7b1a7fa616b688e280f,-0.436794,51.588228,,,
390,acbd013889a0c8d3ee30aff285ec4026f93f87bf82af6664595a7fedf4c95ba0,-0.219826,51.503176,,,
391,acf45269168df2dcc266307f060d6410ec0926ff3dbfb582a51105f6c88957cf,-0.035466,51.427032,,,
392,ae0ce040eed7d2da86e3a4118c17f706cdfa12130616ccd876ab88f977be1b9b,-0.089089,51.60794,,,
393,ae2a8ca79b8b7e4b7e16d457d9d5844afedbf9a1a7e110e0a8323b9bb75bb562,-0.097878,51.378988,,,
394,ae3dc4fb0f6653c3cbfb64a6c3a35df08f27c7262581f5704abbfd5d8e4e6000,-0.303965,51.375174,,,
395,ae52919a850cb2fbe66056cb133dbd566ac21e509a1ba7a9bf5ea8b5e7630704,-0.178057,51.651448,,,
396,aeb841b2049b4214dce7a089c122ae9bc992e4a290ffecb973e543eb26de5239,0.145037,51.455522,,,
397,aedfd9d4e315122d58d3d7b1259ada2216271fb9d9e15e29ba61ada25e1b560c,-0.069112,51.47072,,,
398,aef233218780fa7a789344cca1029ad84caaa6ca0a20c3817696bd168945e408,-0.334538,51.579667,,,
399,aef4e58b66cf07b8123de3542bb73b33d6623c8aa3be805f7e596869b8c681a5,-0.131037,51.514492,,,
400,afc58c97415a2a07860e6ba7700dc60ce45729c9f44c1f872cca2e207196c267,-0.054353,51.552902,,,
401,b0a666fc5b6d37882b225671e3cffbf1025623d89ef163168df47501f2151f69,-0.005327,51.41387,,,
402,b0ab195ecf5697a020a94e04fff9298881e60e4ccd586c2ea89a0270d3f8df36,-0.072245,51.491347,,,
403,b116f3665388422023d0f4cadaf65ee615a64a5442880a73c00581bc048595f8,-0.076705,51.573918,,,
404,b12d43761703022cdc8b34100ca4bf6aa78ab3fbbbf703cc575cf3995ae61f08,-0.333354,51.586772,,,
405,b1804953ae0055807f258c955d1d51febbc660c06b00b0b612b7f10f5aff9816,0.208301,51.594358,,,
406,b18f63809cd5a7d56b761aa92a3b2a5e325ebffa96e8c29f9584c43f23fbdafb,-0.034319,51.587324,,,
407,b1db811ebcc8e9c3947b11429100d83d2a3e447897a7cfdf7697fdb2f3729946,-0.124227,51.485535,,,
408,b22c788ff0c84a0b0af53c831cde61e9a5f32d2347ac25f5d034bcea68ec9b4d,-0.204957,51.571318,,,
409,b23558be20373f4f073d4cff00e878daf3f2438ac66d06a3f0491213381f3ee1,-0.065772,51.61388,,,
410,b38b00b796c9b20acc2eda2a7f6ac4dd51138189706593f6096507c82edf02c2,-0.072296,51.485008,,,
411,b42a6e75a28819c75a13cc3c6237d1922891b794cf7e10c5a6b39f239aca517b,-0.193287,51.403237,,,
412,b43052ed2f38caddd4fa7991935832ec8d2f604040b2f7311257550db68f5094,-0.279652,51.504266,,,
413,b47055eeaaa52b1cf8b8f54c2d9b40e8eda81284047cac5f3fb139f64eac7f7f,-0.088441,51.491926,,,
414,b576abde70d40bf86771ef8da1bfd805c8a770f0cb391cc9508ed76d3afd4615,0.004817,51.523687,,,
415,b5b6556230378c2e78f3a8a2ae9c438c8cd62624940ab7ea4738fade5470db30,-0.312969,51.556456,,,
416,b625981d8a6b51dbbb500e6278301aec2834adc1c4eec4e63013c5b72b736116,-0.487838,51.525812,,,
417,b686e61d354a34319c1f930f7f411c1d3d1d7cc9a3a2e22a610c5078611ceab2,-0.209406,51.606807,,,
418,b6a69cd4e830965f16c5289df23c9f2dcf513800f5b3b75733c2bf061ccd1eaa,0.045955,51.503993,,,
419,b6adc32ca178ec6a4a9767f6d9a91daf943a12dc065a908cd7f5ccd59ef810b6,-0.122473,51.488618,,,
420,b733373f449ed4c927624bb7b1028311484af2bae7cd616d270d50df17fccae0,-0.177824,51.482585,,,
421,b77d51752f8139c08f87579bf944201cf8001a921634880396d5cfbf2397fcd4,-0.138152,51.523786,,,
422,b7c9a6f714ba2820cf845422233eaf8e16983b9b8251b74d9a3bcbc0c9b19308,-0.090273,51.497037,,,
423,b8528936760174673bc92d6529ba39147b51f88200e566a408d2bc88524c15c0,-0.09063,51.572571,,,
424,b8cd8db74161176bd638ca4616ccec1085f797e5f66d57dcf56904823f776697,-0.045407,51.628983,,,
425,b8e2f696b80434f4f2999026227e392517dfd1bef1a02f79a8d5838ab4a9654a,0.080981,51.538044,,,
426,b967cbb954e9b42b06035cc64f6aeca6b96c276605d71b2b4b9316699b5b06c7,-0.006314,51.544443,,,
427,b97cbecc69cd34bf9a11302782cf7b44c8c98e11bf7ebb7fda82b0fc333aae64,-0.016861,51.523768,,,
428,b99dcf0b3d9a63f14d90866d691808aa4ddb172c57d55ebf706ccbda41bc543e,-0.047126,51.467667,,,
429,b9c25f49b2b464bfc8085b4e0481038b0e7c622b96802b509f48f6d498fb37e5,0.193274,51.546169,,,
430,ba57c8486d64e6f62e42a76a4950c80c014678266cb7e8f4be21d7d71daf068b,-0.142531,51.454757,,,
431,baebe2ced20e0abf0316e05895012854cca56971f43bf305a9359490b903b420,-0.14705,51.512336,,,
432,bba35131090c9ba135f7927188221dff32f43c1d7a9c4aaec58ba9476bbb1b9b,-0.123456,51.513777,,,
433,bbe3107aa79f96386798f3dca5867d093e36b53bc69e94bbf700af024215f5cc,-0.206081,51.51525,,,
434,bc1c9fa5e2e5735508523f78bacf6fdfad3c9f120056875e132591d877dd9536,-0.206048,51.59271,,,
435,bccb2ce157357ec1c409c3bfb4ed00afc0f67be52c05d6dddf37450f2c757bc7,-0.14171,51.521028,,,
436,bcf940491838bb77eafbe0433d8d722ab5aa7ff171edcd448aa94a1b58a15ff6,-0.055438,51.416061,,,
437,bdcde9432c53abae6d886b6a94245b84c72c679c062000dd3eedf2b916b9bdee,-0.052301,51.632317,,,
438,be6d27fe564f5d535fb735ae38e0235d53f0396121fff30fa9d1e4ea203c80d0,-0.020407,51.445295,,,
439,bf2d75e105c7ab5c4f148dda85e6b9691c5655ee78b35784e10e4816f6919884,-0.298226,51.367196,,,
440,bf7cda81f3c471218e77e1719518e2618ce7376ae30b171af12ce918251d58f6,-0.03598,51.400629,,,